Alloy,Powder size,Laser power,Scan speed,Beam diameter,Layer thickness,Thermal diffusivity of gas,Balling,Liquidus temperature,Ambient temperature,Solidus temperature,Density,Viscosity,Surface tension,Thermal diffusivity of alloy,Latent heat of fusion of alloy,dγ/dT,Absorption,Specific heat,Thermal conductivity,,Volumetric energy density,Richardson number,Marangoni number,ε,F,T,NE,Prandtl number
AISi10Mg,30,160,3000,0.2,0.05,3.49E-05,1,867,298,831,2670,1.30E-03,0.82,7.74E-05,4.23E+05,-3.50E-04,3.30E-01,5.67E+02,1.13E+02,,1.697652726,6.41E-05,117,11.6,1.11E-03,1.93E-03,2.911043844,0.006290586
AISi10Mg,30,180,3000,0.2,0.05,3.49E-05,1,867,298,831,2670,1.30E-03,0.82,7.74E-05,4.23E+05,-3.50E-04,3.30E-01,5.67E+02,1.13E+02,,1.909859317,8.97E-05,172,12.33,1.29E-03,2.26E-03,3.274924324,0.006290586
AISi10Mg,30,195,3000,0.2,0.05,3.49E-05,1,867,298,831,2670,1.30E-03,0.82,7.74E-05,4.23E+05,-3.50E-04,3.30E-01,5.67E+02,1.13E+02,,2.06901426,9.71E-05,204,12.48,1.37E-03,2.41E-03,3.547834685,0.006290586
AISi10Mg,30,100,1900,0.2,0.05,3.49E-05,1,867,298,831,2670,1.30E-03,0.82,7.74E-05,4.23E+05,-3.50E-04,3.30E-01,5.67E+02,1.13E+02,,1.67531519,1.14E-04,55.6,8.57,7.25E-04,1.89E-03,2.286191421,0.006290586
AISi10Mg,30,130,1900,0.2,0.05,3.49E-05,1,867,298,831,2670,1.30E-03,0.82,7.74E-05,4.23E+05,-3.50E-04,3.30E-01,5.67E+02,1.13E+02,,2.177909748,2.61E-04,124,9.09,9.74E-04,2.63E-03,2.972048847,0.006290586
AISi10Mg,30,160,1900,0.2,0.05,3.49E-05,1,867,298,831,2670,1.30E-03,0.82,7.74E-05,4.23E+05,-3.50E-04,3.30E-01,5.67E+02,1.13E+02,,2.680504305,7.79E-04,240,9.54,1.20E-03,3.26E-03,3.657906274,0.006290586
AISi10Mg,30,180,1900,0.2,0.05,3.49E-05,1,867,298,831,2670,1.30E-03,0.82,7.74E-05,4.23E+05,-3.50E-04,3.30E-01,5.67E+02,1.13E+02,,3.015567343,8.71E-03,300,9.69,1.34E-03,3.67E-03,4.115144558,0.006290586
AISi10Mg,30,195,1900,0.2,0.05,3.49E-05,1,867,298,831,2670,1.30E-03,0.82,7.74E-05,4.23E+05,-3.50E-04,3.30E-01,5.67E+02,1.13E+02,,3.266864621,2.83E-02,374,10.31,1.48E-03,4.07E-03,4.458073271,0.006290586
AISi10Mg,30,100,1200,0.2,0.05,3.49E-05,1,867,298,831,2670,1.30E-03,0.82,7.74E-05,4.23E+05,-3.50E-04,3.30E-01,5.67E+02,1.13E+02,,2.652582385,8.19E-04,111,6.91,7.74E-04,3.17E-03,2.876727786,0.006290586
AISi10Mg,30,160,1200,0.2,0.05,3.49E-05,0,867,298,831,2670,1.30E-03,0.82,7.74E-05,4.23E+05,-3.50E-04,3.30E-01,5.67E+02,1.13E+02,,4.244131816,8.90E-04,397,7.8,1.26E-03,5.33E-03,4.602764458,0.006290586
AISi10Mg,30,180,1200,0.2,0.05,3.49E-05,0,867,298,831,2670,1.30E-03,0.82,7.74E-05,4.23E+05,-3.50E-04,3.30E-01,5.67E+02,1.13E+02,,4.774648293,7.02E-04,523,7.59,1.38E-03,5.82E-03,5.178110015,0.006290586
AISi10Mg,30,195,1200,0.2,0.05,3.49E-05,0,867,298,831,2670,1.30E-03,0.82,7.74E-05,4.23E+05,-3.50E-04,3.30E-01,5.67E+02,1.13E+02,,5.17253565,5.58E-04,589,7.83,1.45E-03,6.20E-03,5.609619183,0.006290586
AISi10Mg,30,60,800,0.2,0.05,3.49E-05,1,867,298,831,2670,1.30E-03,0.82,7.74E-05,4.23E+05,-3.50E-04,3.30E-01,5.67E+02,1.13E+02,,2.387324146,5.83E-04,24.2,4.74,4.04E-04,2.25E-03,2.113954561,0.006290586
AISi10Mg,30,130,800,0.2,0.05,3.49E-05,0,867,298,831,2670,1.30E-03,0.82,7.74E-05,4.23E+05,-3.50E-04,3.30E-01,5.67E+02,1.13E+02,,5.17253565,5.97E-04,358,6.12,1.07E-03,6.50E-03,4.580234883,0.006290586
AISi10Mg,30,160,800,0.2,0.05,3.49E-05,0,867,298,831,2670,1.30E-03,0.82,7.74E-05,4.23E+05,-3.50E-04,3.30E-01,5.67E+02,1.13E+02,,6.366197724,2.87E-04,539,6.2,1.25E-03,7.75E-03,5.637212164,0.006290586
AISi10Mg,30,180,800,0.2,0.05,3.49E-05,0,867,298,831,2670,1.30E-03,0.82,7.74E-05,4.23E+05,-3.50E-04,3.30E-01,5.67E+02,1.13E+02,,7.161972439,2.18E-04,688,7.18,1.42E-03,8.98E-03,6.341863684,0.006290586
AISi10Mg,30,195,800,0.2,0.05,3.49E-05,0,867,298,831,2670,1.30E-03,0.82,7.74E-05,4.23E+05,-3.50E-04,3.30E-01,5.67E+02,1.13E+02,,7.758803476,1.75E-04,822,7.64,1.52E-03,9.55E-03,6.870352325,0.006290586
AISi10Mg,30,100,300,0.2,0.05,3.49E-05,0,867,298,831,2670,1.30E-03,0.82,7.74E-05,4.23E+05,-3.50E-04,3.30E-01,5.67E+02,1.13E+02,,10.61032954,2.75E-04,395,4,9.00E-04,1.33E-02,5.753455572,0.006290586
AISi10Mg,30,130,300,0.2,0.05,3.49E-05,0,867,298,831,2670,1.30E-03,0.82,7.74E-05,4.23E+05,-3.50E-04,3.30E-01,5.67E+02,1.13E+02,,13.7934284,1.47E-04,711,5,1.11E-03,1.67E-02,7.479492244,0.006290586
AISi10Mg,30,160,300,0.2,0.05,3.49E-05,0,867,298,831,2670,1.30E-03,0.82,7.74E-05,4.23E+05,-3.50E-04,3.30E-01,5.67E+02,1.13E+02,,16.97652726,1.32E-04,1050,4.77,1.33E-03,2.07E-02,9.205528915,0.006290586
AISi10Mg,30,180,300,0.2,0.05,3.49E-05,0,867,298,831,2670,1.30E-03,0.82,7.74E-05,4.23E+05,-3.50E-04,3.30E-01,5.67E+02,1.13E+02,,19.09859317,1.06E-04,1350,5.38,1.50E-03,2.33E-02,10.35622003,0.006290586
AISi10Mg,30,195,300,0.2,0.05,3.49E-05,0,867,298,831,2670,1.30E-03,0.82,7.74E-05,4.23E+05,-3.50E-04,3.30E-01,5.67E+02,1.13E+02,,20.6901426,9.19E-05,1560,5.69,1.58E-03,2.47E-02,11.21923837,0.006290586
A357,30,100,1200,0.2,0.05,3.49E-05,1,883,298,855,2700,1.30E-03,0.92,6.84E-05,5.00E+05,-3.50E-04,2.00E-01,1.57E+03,3.84E+02,,2.652582385,2.38E-04,44,5.14,4.79E-04,1.50E-03,1.551583361,0.007039203
A357,30,130,1200,0.2,0.05,3.49E-05,1,883,298,855,2700,1.30E-03,0.92,6.84E-05,5.00E+05,-3.50E-04,2.00E-01,1.57E+03,3.84E+02,,3.4483571,1.50E-03,120,5.33,6.25E-04,2.00E-03,2.01705837,0.007039203
A357,30,160,1200,0.2,0.05,3.49E-05,1,883,298,855,2700,1.30E-03,0.92,6.84E-05,5.00E+05,-3.50E-04,2.00E-01,1.57E+03,3.84E+02,,4.244131816,2.46E-01,240,5.09,7.40E-04,2.33E-03,2.482533378,0.007039203
A357,30,180,1200,0.2,0.05,3.49E-05,1,883,298,855,2700,1.30E-03,0.92,6.84E-05,5.00E+05,-3.50E-04,2.00E-01,1.57E+03,3.84E+02,,4.774648293,9.94E-03,332,5.52,8.29E-04,2.67E-03,2.79285005,0.007039203
A357,30,195,1200,0.2,0.05,3.49E-05,0,883,298,855,2700,1.30E-03,0.92,6.84E-05,5.00E+05,-3.50E-04,2.00E-01,1.57E+03,3.84E+02,,5.17253565,8.91E-04,388,5.23,8.62E-04,2.83E-03,3.025587554,0.007039203
A357,30,60,800,0.2,0.05,3.49E-05,1,883,298,855,2700,1.30E-03,0.92,6.84E-05,5.00E+05,-3.50E-04,2.00E-01,1.57E+03,3.84E+02,,2.387324146,2.30E-04,1,4,1.88E-04,7.50E-04,1.140176259,0.007039203
A357,30,100,800,0.2,0.05,3.49E-05,1,883,298,855,2700,1.30E-03,0.92,6.84E-05,5.00E+05,-3.50E-04,2.00E-01,1.57E+03,3.84E+02,,3.978873577,7.33E-04,71.9,5.26,5.36E-04,2.50E-03,1.900293764,0.007039203
A357,30,130,800,0.2,0.05,3.49E-05,1,883,298,855,2700,1.30E-03,0.92,6.84E-05,5.00E+05,-3.50E-04,2.00E-01,1.57E+03,3.84E+02,,5.17253565,5.94E-03,173,4.4,6.21E-04,2.75E-03,2.470381893,0.007039203
A357,30,160,800,0.2,0.05,3.49E-05,1,883,298,855,2700,1.30E-03,0.92,6.84E-05,5.00E+05,-3.50E-04,2.00E-01,1.57E+03,3.84E+02,,6.366197724,5.67E-04,333,4.52,7.67E-04,3.50E-03,3.040470023,0.007039203
A357,30,180,800,0.2,0.05,3.49E-05,0,883,298,855,2700,1.30E-03,0.92,6.84E-05,5.00E+05,-3.50E-04,2.00E-01,1.57E+03,3.84E+02,,7.161972439,3.66E-04,455,4.44,8.55E-04,4.00E-03,3.420528776,0.007039203
A357,30,195,800,0.2,0.05,3.49E-05,0,883,298,855,2700,1.30E-03,0.92,6.84E-05,5.00E+05,-3.50E-04,2.00E-01,1.57E+03,3.84E+02,,7.758803476,2.34E-04,531,4.53,8.87E-04,4.25E-03,3.70557284,0.007039203
A357,30,60,300,0.2,0.05,3.49E-05,1,883,298,855,2700,1.30E-03,0.92,6.84E-05,5.00E+05,-3.50E-04,2.00E-01,1.57E+03,3.84E+02,,6.366197724,2.40E-03,1,2.73,2.21E-04,2.00E-03,1.861900033,0.007039203
A357,30,100,300,0.2,0.05,3.49E-05,1,883,298,855,2700,1.30E-03,0.92,6.84E-05,5.00E+05,-3.50E-04,2.00E-01,1.57E+03,3.84E+02,,10.61032954,1.33E-03,130,4,5.65E-04,6.00E-03,3.103166722,0.007039203
A357,30,160,300,0.2,0.05,3.49E-05,0,883,298,855,2700,1.30E-03,0.92,6.84E-05,5.00E+05,-3.50E-04,2.00E-01,1.57E+03,3.84E+02,,16.97652726,1.56E-04,545,3.66,8.52E-04,1.00E-02,4.965066756,0.007039203
A357,30,180,300,0.2,0.05,3.49E-05,0,883,298,855,2700,1.30E-03,0.92,6.84E-05,5.00E+05,-3.50E-04,2.00E-01,1.57E+03,3.84E+02,,19.09859317,1.20E-04,728,3.48,9.10E-04,1.07E-02,5.5857001,0.007039203
A357,30,195,300,0.2,0.05,3.49E-05,0,883,298,855,2700,1.30E-03,0.92,6.84E-05,5.00E+05,-3.50E-04,2.00E-01,1.57E+03,3.84E+02,,20.6901426,1.07E-04,890,3.6,9.98E-04,1.20E-02,6.051175109,0.007039203
SS316L,36.6,25,50,0.08,0.1,2.00E-05,1,1733,298,1693,7800,7.00E-03,1.5,4.12E-06,2.72E+05,-4.00E-04,3.60E-01,5.93E+02,3.02E+01,,99.47183943,3.94E-02,1,1,7.45E-05,2.00E-03,35.05524171,0.217824247
SS316L,36.6,25,80,0.08,0.1,2.00E-05,1,1733,298,1693,7800,7.00E-03,1.5,4.12E-06,2.72E+05,-4.00E-04,3.60E-01,5.93E+02,3.02E+01,,62.16989965,1.54E-02,1,1,7.45E-05,1.25E-03,27.71360193,0.217824247
SS316L,36.6,25,110,0.08,0.1,2.00E-05,1,1733,298,1693,7800,7.00E-03,1.5,4.12E-06,2.72E+05,-4.00E-04,3.60E-01,5.93E+02,3.02E+01,,45.21447247,8.12E-03,1,1,7.45E-05,9.09E-04,23.63423914,0.217824247
SS316L,36.6,25,140,0.08,0.1,2.00E-05,1,1733,298,1693,7800,7.00E-03,1.5,4.12E-06,2.72E+05,-4.00E-04,3.60E-01,5.93E+02,3.02E+01,,35.52565694,5.01E-03,1,1,7.45E-05,7.14E-04,20.9495139,0.217824247
SS316L,36.6,50,50,0.08,0.1,2.00E-05,1,1733,298,1693,7800,7.00E-03,1.5,4.12E-06,2.72E+05,-4.00E-04,3.60E-01,5.93E+02,3.02E+01,,198.9436789,1.53E+00,22.1,1.03,4.40E-04,2.10E-02,70.11048342,0.217824247
SS316L,36.6,50,80,0.08,0.1,2.00E-05,1,1733,298,1693,7800,7.00E-03,1.5,4.12E-06,2.72E+05,-4.00E-04,3.60E-01,5.93E+02,3.02E+01,,124.3397993,7.98E-01,31.4,1.33,5.46E-04,1.63E-02,55.42720386,0.217824247
SS316L,36.6,50,110,0.08,0.1,2.00E-05,1,1733,298,1693,7800,7.00E-03,1.5,4.12E-06,2.72E+05,-4.00E-04,3.60E-01,5.93E+02,3.02E+01,,90.42894494,1.74E-01,33.9,1.37,5.67E-04,1.18E-02,47.26847828,0.217824247
SS316L,36.6,50,140,0.08,0.1,2.00E-05,1,1733,298,1693,7800,7.00E-03,1.5,4.12E-06,2.72E+05,-4.00E-04,3.60E-01,5.93E+02,3.02E+01,,71.05131388,7.46E-02,30.9,1.59,6.09E-04,1.04E-02,41.8990278,0.217824247
SS316L,36.6,75,290,0.08,0.1,2.00E-05,1,1733,298,1693,7800,7.00E-03,1.5,4.12E-06,2.72E+05,-4.00E-04,3.60E-01,5.93E+02,3.02E+01,,51.45095143,2.38E-02,39.8,2.82,9.65E-04,9.24E-03,43.66769053,0.217824247
SS316L,36.6,75,320,0.08,0.1,2.00E-05,1,1733,298,1693,7800,7.00E-03,1.5,4.12E-06,2.72E+05,-4.00E-04,3.60E-01,5.93E+02,3.02E+01,,46.62742473,1.57E-02,38.1,2.91,9.65E-04,8.38E-03,41.5704029,0.217824247
SS316L,36.6,100,80,0.08,0.1,2.00E-05,0,1733,298,1693,7800,7.00E-03,1.5,4.12E-06,2.72E+05,-4.00E-04,3.60E-01,5.93E+02,3.02E+01,,248.6795986,5.50E-03,146,2.21,1.07E-03,3.45E-02,110.8544077,0.217824247
SS316L,36.6,100,110,0.08,0.1,2.00E-05,0,1733,298,1693,7800,7.00E-03,1.5,4.12E-06,2.72E+05,-4.00E-04,3.60E-01,5.93E+02,3.02E+01,,180.8578899,6.15E-03,145,2.68,1.17E-03,2.80E-02,94.53695655,0.217824247
SS316L,36.6,100,290,0.08,0.1,2.00E-05,1,1733,298,1693,7800,7.00E-03,1.5,4.12E-06,2.72E+05,-4.00E-04,3.60E-01,5.93E+02,3.02E+01,,68.60126857,3.28E-01,73.9,3.1,1.14E-03,1.09E-02,58.22358738,0.217824247
SS316L,36.6,100,320,0.08,0.1,2.00E-05,1,1733,298,1693,7800,7.00E-03,1.5,4.12E-06,2.72E+05,-4.00E-04,3.60E-01,5.93E+02,3.02E+01,,62.16989965,1.26E-01,72.9,3.34,1.22E-03,1.07E-02,55.42720386,0.217824247
SS316L,36.6,125,80,0.08,0.1,2.00E-05,0,1733,298,1693,7800,7.00E-03,1.5,4.12E-06,2.72E+05,-4.00E-04,3.60E-01,5.93E+02,3.02E+01,,310.8494982,2.69E-03,276,2.85,1.60E-03,5.28E-02,138.5680097,0.217824247
SS316L,36.6,125,110,0.08,0.1,2.00E-05,0,1733,298,1693,7800,7.00E-03,1.5,4.12E-06,2.72E+05,-4.00E-04,3.60E-01,5.93E+02,3.02E+01,,226.0723623,2.80E-03,255,2.73,1.35E-03,3.10E-02,118.1711957,0.217824247
SS316L,36.6,125,140,0.08,0.1,2.00E-05,0,1733,298,1693,7800,7.00E-03,1.5,4.12E-06,2.72E+05,-4.00E-04,3.60E-01,5.93E+02,3.02E+01,,177.6282847,4.60E-03,191,3.1,1.34E-03,2.55E-02,104.7475695,0.217824247
SS316L,36.6,125,290,0.08,0.1,2.00E-05,1,1733,298,1693,7800,7.00E-03,1.5,4.12E-06,2.72E+05,-4.00E-04,3.60E-01,5.93E+02,3.02E+01,,85.75158572,1.03E-01,117,3.55,1.34E-03,1.29E-02,72.77948422,0.217824247
SS316L,36.6,125,320,0.08,0.1,2.00E-05,1,1733,298,1693,7800,7.00E-03,1.5,4.12E-06,2.72E+05,-4.00E-04,3.60E-01,5.93E+02,3.02E+01,,77.71237456,3.27E-01,114,3.7,1.39E-03,1.22E-02,69.28400483,0.217824247
SS316L,36.6,150,80,0.08,0.1,2.00E-05,0,1733,298,1693,7800,7.00E-03,1.5,4.12E-06,2.72E+05,-4.00E-04,3.60E-01,5.93E+02,3.02E+01,,373.0193979,1.91E-03,392,3.25,1.95E-03,6.58E-02,166.2816116,0.217824247
SS316L,36.6,150,110,0.08,0.1,2.00E-05,0,1733,298,1693,7800,7.00E-03,1.5,4.12E-06,2.72E+05,-4.00E-04,3.60E-01,5.93E+02,3.02E+01,,271.2868348,1.84E-03,344,3.24,1.66E-03,3.98E-02,141.8054348,0.217824247
SS316L,36.6,150,140,0.08,0.1,2.00E-05,0,1733,298,1693,7800,7.00E-03,1.5,4.12E-06,2.72E+05,-4.00E-04,3.60E-01,5.93E+02,3.02E+01,,213.1539416,2.38E-03,261,3.57,1.62E-03,3.19E-02,125.6970834,0.217824247
SS316L,36.6,150,170,0.08,0.1,2.00E-05,0,1733,298,1693,7800,7.00E-03,1.5,4.12E-06,2.72E+05,-4.00E-04,3.60E-01,5.93E+02,3.02E+01,,175.5385402,3.38E-03,228,3.58,1.54E-03,2.48E-02,114.0682445,0.217824247
SS316L,36.6,150,200,0.08,0.1,2.00E-05,0,1733,298,1693,7800,7.00E-03,1.5,4.12E-06,2.72E+05,-4.00E-04,3.60E-01,5.93E+02,3.02E+01,,149.2077591,4.81E-03,215,3.6,1.51E-03,2.07E-02,105.1657251,0.217824247
SS316L,36.6,150,290,0.08,0.1,2.00E-05,1,1733,298,1693,7800,7.00E-03,1.5,4.12E-06,2.72E+05,-4.00E-04,3.60E-01,5.93E+02,3.02E+01,,102.9019029,1.67E-02,164,3.91,1.51E-03,1.46E-02,87.33538107,0.217824247
SS316L,36.6,150,320,0.08,0.1,2.00E-05,1,1733,298,1693,7800,7.00E-03,1.5,4.12E-06,2.72E+05,-4.00E-04,3.60E-01,5.93E+02,3.02E+01,,93.25484947,4.03E-02,139,4.06,1.54E-03,1.37E-02,83.14080579,0.217824247
SS316L,36.6,175,80,0.08,0.1,2.00E-05,0,1733,298,1693,7800,7.00E-03,1.5,4.12E-06,2.72E+05,-4.00E-04,3.60E-01,5.93E+02,3.02E+01,,435.1892975,1.45E-03,523,3.69,2.39E-03,8.21E-02,193.9952135,0.217824247
SS316L,36.6,175,110,0.08,0.1,2.00E-05,0,1733,298,1693,7800,7.00E-03,1.5,4.12E-06,2.72E+05,-4.00E-04,3.60E-01,5.93E+02,3.02E+01,,316.5013073,1.46E-03,428,3.94,2.08E-03,5.20E-02,165.439674,0.217824247
SS316L,36.6,175,140,0.08,0.1,2.00E-05,0,1733,298,1693,7800,7.00E-03,1.5,4.12E-06,2.72E+05,-4.00E-04,3.60E-01,5.93E+02,3.02E+01,,248.6795986,1.63E-03,401,3.36,1.65E-03,3.07E-02,146.6465973,0.217824247
SS316L,36.6,175,170,0.08,0.1,2.00E-05,0,1733,298,1693,7800,7.00E-03,1.5,4.12E-06,2.72E+05,-4.00E-04,3.60E-01,5.93E+02,3.02E+01,,204.7949635,2.20E-03,307,3.89,1.76E-03,2.86E-02,133.0796186,0.217824247
SS316L,36.6,175,200,0.08,0.1,2.00E-05,0,1733,298,1693,7800,7.00E-03,1.5,4.12E-06,2.72E+05,-4.00E-04,3.60E-01,5.93E+02,3.02E+01,,174.075719,2.79E-03,274,4.12,1.74E-03,2.43E-02,122.693346,0.217824247
SS316L,36.6,175,290,0.08,0.1,2.00E-05,1,1733,298,1693,7800,7.00E-03,1.5,4.12E-06,2.72E+05,-4.00E-04,3.60E-01,5.93E+02,3.02E+01,,120.05222,6.72E-03,215,4.26,1.69E-03,1.64E-02,101.8912779,0.217824247
SS316L,36.6,175,320,0.08,0.1,2.00E-05,1,1733,298,1693,7800,7.00E-03,1.5,4.12E-06,2.72E+05,-4.00E-04,3.60E-01,5.93E+02,3.02E+01,,108.7973244,1.06E-02,193,4.19,1.66E-03,1.47E-02,96.99760676,0.217824247
SS316L,36.6,200,110,0.08,0.1,2.00E-05,0,1733,298,1693,7800,7.00E-03,1.5,4.12E-06,2.72E+05,-4.00E-04,3.60E-01,5.93E+02,3.02E+01,,361.7157798,1.33E-03,563,4.27,2.56E-03,6.52E-02,189.0739131,0.217824247
SS316L,36.6,200,140,0.08,0.1,2.00E-05,0,1733,298,1693,7800,7.00E-03,1.5,4.12E-06,2.72E+05,-4.00E-04,3.60E-01,5.93E+02,3.02E+01,,284.2052555,1.25E-03,489,3.72,1.88E-03,3.59E-02,167.5961112,0.217824247
SS316L,36.6,200,170,0.08,0.1,2.00E-05,0,1733,298,1693,7800,7.00E-03,1.5,4.12E-06,2.72E+05,-4.00E-04,3.60E-01,5.93E+02,3.02E+01,,234.0513869,1.51E-03,386,3.86,1.79E-03,2.91E-02,152.0909927,0.217824247
SS316L,36.6,200,200,0.08,0.1,2.00E-05,0,1733,298,1693,7800,7.00E-03,1.5,4.12E-06,2.72E+05,-4.00E-04,3.60E-01,5.93E+02,3.02E+01,,198.9436789,1.94E-03,345,4.26,1.90E-03,2.67E-02,140.2209668,0.217824247
SS316L,36.6,200,290,0.08,0.1,2.00E-05,1,1733,298,1693,7800,7.00E-03,1.5,4.12E-06,2.72E+05,-4.00E-04,3.60E-01,5.93E+02,3.02E+01,,137.2025371,4.02E-03,269,4.45,1.85E-03,1.81E-02,116.4471748,0.217824247
SS316L,36.6,200,320,0.08,0.1,2.00E-05,1,1733,298,1693,7800,7.00E-03,1.5,4.12E-06,2.72E+05,-4.00E-04,3.60E-01,5.93E+02,3.02E+01,,124.3397993,5.20E-03,246,4.57,1.84E-03,1.64E-02,110.8544077,0.217824247
SS316L,36.6,225,110,0.08,0.1,2.00E-05,0,1733,298,1693,7800,7.00E-03,1.5,4.12E-06,2.72E+05,-4.00E-04,3.60E-01,5.93E+02,3.02E+01,,406.9302522,9.21E-04,899,4.58,3.01E-03,7.42E-02,212.7081522,0.217824247
SS316L,36.6,225,140,0.08,0.1,2.00E-05,0,1733,298,1693,7800,7.00E-03,1.5,4.12E-06,2.72E+05,-4.00E-04,3.60E-01,5.93E+02,3.02E+01,,319.7309125,1.01E-03,585,3.97,2.03E-03,3.91E-02,188.5456251,0.217824247
SS316L,36.6,225,170,0.08,0.1,2.00E-05,0,1733,298,1693,7800,7.00E-03,1.5,4.12E-06,2.72E+05,-4.00E-04,3.60E-01,5.93E+02,3.02E+01,,263.3078103,1.17E-03,537,3.66,1.86E-03,2.91E-02,171.1023667,0.217824247
SS316L,36.6,225,200,0.08,0.1,2.00E-05,0,1733,298,1693,7800,7.00E-03,1.5,4.12E-06,2.72E+05,-4.00E-04,3.60E-01,5.93E+02,3.02E+01,,223.8116387,1.44E-03,424,4.64,2.10E-03,2.97E-02,157.7485877,0.217824247
SS316L,36.6,225,290,0.08,0.1,2.00E-05,1,1733,298,1693,7800,7.00E-03,1.5,4.12E-06,2.72E+05,-4.00E-04,3.60E-01,5.93E+02,3.02E+01,,154.3528543,2.58E-03,320,4.8,2.05E-03,2.02E-02,131.0030716,0.217824247
SS316L,36.6,225,320,0.08,0.1,2.00E-05,1,1733,298,1693,7800,7.00E-03,1.5,4.12E-06,2.72E+05,-4.00E-04,3.60E-01,5.93E+02,3.02E+01,,139.8822742,3.25E-03,303,4.97,2.05E-03,1.83E-02,124.7112087,0.217824247
SS316L,75,300,40,0.3,0.25,3.49E-05,1,1733,298,1693,7800,7.00E-03,1.5,4.12E-06,2.72E+05,-4.00E-04,3.60E-01,5.93E+02,3.02E+01,,106.1032954,5.52E-03,591,2.59,2.69E-03,1.66E-01,64.76529036,0.217824247
SS316L,75,300,50,0.3,0.25,3.49E-05,1,1733,298,1693,7800,7.00E-03,1.5,4.12E-06,2.72E+05,-4.00E-04,3.60E-01,5.93E+02,3.02E+01,,84.88263632,7.00E-03,468,2.6,2.53E-03,1.27E-01,57.92783673,0.217824247
SS316L,75,300,60,0.3,0.25,3.49E-05,1,1733,298,1693,7800,7.00E-03,1.5,4.12E-06,2.72E+05,-4.00E-04,3.60E-01,5.93E+02,3.02E+01,,70.73553026,9.29E-03,364,2.61,2.37E-03,1.01E-01,52.88063814,0.217824247
SS316L,75,350,40,0.3,0.25,3.49E-05,1,1733,298,1693,7800,7.00E-03,1.5,4.12E-06,2.72E+05,-4.00E-04,3.60E-01,5.93E+02,3.02E+01,,123.787178,4.17E-03,967,3.03,3.33E-03,2.04E-01,75.55950542,0.217824247
SS316L,75,350,50,0.3,0.25,3.49E-05,1,1733,298,1693,7800,7.00E-03,1.5,4.12E-06,2.72E+05,-4.00E-04,3.60E-01,5.93E+02,3.02E+01,,99.02974237,4.71E-03,745,3.06,3.10E-03,1.57E-01,67.58247618,0.217824247
SS316L,75,350,60,0.3,0.25,3.49E-05,1,1733,298,1693,7800,7.00E-03,1.5,4.12E-06,2.72E+05,-4.00E-04,3.60E-01,5.93E+02,3.02E+01,,82.52478531,5.57E-03,604,3.02,2.94E-03,1.26E-01,61.69407783,0.217824247
SS316L,75,400,40,0.3,0.25,3.49E-05,0,1733,298,1693,7800,7.00E-03,1.5,4.12E-06,2.72E+05,-4.00E-04,3.60E-01,5.93E+02,3.02E+01,,141.4710605,3.60E-03,1330,3.18,3.81E-03,2.34E-01,86.35372048,0.217824247
SS316L,75,400,50,0.3,0.25,3.49E-05,0,1733,298,1693,7800,7.00E-03,1.5,4.12E-06,2.72E+05,-4.00E-04,3.60E-01,5.93E+02,3.02E+01,,113.1768484,3.72E-03,1070,3.36,3.58E-03,1.81E-01,77.23711564,0.217824247
SS316L,75,400,60,0.3,0.25,3.49E-05,0,1733,298,1693,7800,7.00E-03,1.5,4.12E-06,2.72E+05,-4.00E-04,3.60E-01,5.93E+02,3.02E+01,,94.31404035,4.26E-03,975,3.36,3.58E-03,1.51E-01,70.50751752,0.217824247
SS316L,75,450,40,0.3,0.25,3.49E-05,0,1733,298,1693,7800,7.00E-03,1.5,4.12E-06,2.72E+05,-4.00E-04,3.60E-01,5.93E+02,3.02E+01,,159.1549431,3.04E-03,1650,3.25,4.05E-03,2.49E-01,97.14793553,0.217824247
SS316L,75,450,50,0.3,0.25,3.49E-05,0,1733,298,1693,7800,7.00E-03,1.5,4.12E-06,2.72E+05,-4.00E-04,3.60E-01,5.93E+02,3.02E+01,,127.3239545,3.10E-03,1530,3.54,4.05E-03,1.99E-01,86.89175509,0.217824247
SS316L,75,450,60,0.3,0.25,3.49E-05,0,1733,298,1693,7800,7.00E-03,1.5,4.12E-06,2.72E+05,-4.00E-04,3.60E-01,5.93E+02,3.02E+01,,106.1032954,3.28E-03,1250,3.65,3.99E-03,1.71E-01,79.32095721,0.217824247
SS316L,75,450,70,0.3,0.25,3.49E-05,0,1733,298,1693,7800,7.00E-03,1.5,4.12E-06,2.72E+05,-4.00E-04,3.60E-01,5.93E+02,3.02E+01,,90.94568177,4.12E-03,1060,3.7,3.84E-03,1.42E-01,73.43693652,0.217824247
SS316L,75,450,80,0.3,0.25,3.49E-05,0,1733,298,1693,7800,7.00E-03,1.5,4.12E-06,2.72E+05,-4.00E-04,3.60E-01,5.93E+02,3.02E+01,,79.57747155,4.32E-03,909,3.89,3.77E-03,1.25E-01,68.69396399,0.217824247
SS316L,75,450,90,0.3,0.25,3.49E-05,0,1733,298,1693,7800,7.00E-03,1.5,4.12E-06,2.72E+05,-4.00E-04,3.60E-01,5.93E+02,3.02E+01,,70.73553026,5.81E-03,754,3.74,3.53E-03,1.04E-01,64.76529036,0.217824247
SS316L,75,500,40,0.3,0.25,3.49E-05,0,1733,298,1693,7800,7.00E-03,1.5,4.12E-06,2.72E+05,-4.00E-04,3.60E-01,5.93E+02,3.02E+01,,176.8388257,3.12E-03,2090,3.55,4.45E-03,2.72E-01,107.9421506,0.217824247
SS316L,75,500,50,0.3,0.25,3.49E-05,0,1733,298,1693,7800,7.00E-03,1.5,4.12E-06,2.72E+05,-4.00E-04,3.60E-01,5.93E+02,3.02E+01,,141.4710605,3.07E-03,1840,3.8,4.46E-03,2.23E-01,96.54639455,0.217824247
SS316L,75,500,60,0.3,0.25,3.49E-05,0,1733,298,1693,7800,7.00E-03,1.5,4.12E-06,2.72E+05,-4.00E-04,3.60E-01,5.93E+02,3.02E+01,,117.8925504,3.19E-03,1630,3.86,4.30E-03,1.81E-01,88.1343969,0.217824247
SS316L,75,550,70,0.3,0.25,3.49E-05,0,1733,298,1693,7800,7.00E-03,1.5,4.12E-06,2.72E+05,-4.00E-04,3.60E-01,5.93E+02,3.02E+01,,111.1558333,3.12E-03,1430,3.86,4.23E-03,1.55E-01,89.75625574,0.217824247
SS316L,75,550,80,0.3,0.25,3.49E-05,0,1733,298,1693,7800,7.00E-03,1.5,4.12E-06,2.72E+05,-4.00E-04,3.60E-01,5.93E+02,3.02E+01,,97.26135411,3.82E-03,1240,4.15,4.25E-03,1.40E-01,83.95928933,0.217824247
SS316L,75,550,90,0.3,0.25,3.49E-05,0,1733,298,1693,7800,7.00E-03,1.5,4.12E-06,2.72E+05,-4.00E-04,3.60E-01,5.93E+02,3.02E+01,,86.45453699,3.98E-03,1070,4.24,4.10E-03,1.21E-01,79.1575771,0.217824247
Co-Cr,40,100,29.6,0.08,0.05,2.00E-05,0,1703,298,1603,8280,5.00E-03,1.85,3.77E-06,3.14E+05,-3.70E-04,4.80E-01,7.02E+02,4.10E+01,,672.1070232,5.14E-03,617,2.56,1.12E-03,6.76E-02,207.2871094,0.160176322
Co-Cr,40,100,47.6,0.08,0.05,2.00E-05,0,1703,298,1603,8280,5.00E-03,1.85,3.77E-06,3.14E+05,-3.70E-04,4.80E-01,7.02E+02,4.10E+01,,417.9489052,2.43E-03,614,2.79,1.18E-03,4.58E-02,163.4611968,0.160176322
Co-Cr,40,100,65.6,0.08,0.05,2.00E-05,0,1703,298,1603,8280,5.00E-03,1.85,3.77E-06,3.14E+05,-3.70E-04,4.80E-01,7.02E+02,4.10E+01,,303.2678031,3.84E-03,508,2.81,1.05E-03,2.91E-02,139.2407106,0.160176322
Co-Cr,40,100,83.6,0.08,0.05,2.00E-05,1,1703,298,1603,8280,5.00E-03,1.85,3.77E-06,3.14E+05,-3.70E-04,4.80E-01,7.02E+02,4.10E+01,,237.9709077,6.95E-03,437,2.75,9.68E-04,2.07E-02,123.3431434,0.160176322
Co-Cr,40,100,101.6,0.08,0.05,2.00E-05,1,1703,298,1603,8280,5.00E-03,1.85,3.77E-06,3.14E+05,-3.70E-04,4.80E-01,7.02E+02,4.10E+01,,195.8107075,8.85E-03,393,2.98,9.41E-04,1.70E-02,111.8848533,0.160176322
Co-Cr,40,100,119.6,0.08,0.05,2.00E-05,1,1703,298,1603,8280,5.00E-03,1.85,3.77E-06,3.14E+05,-3.70E-04,4.80E-01,7.02E+02,4.10E+01,,166.3408686,2.76E-02,299,3.09,8.60E-04,1.37E-02,103.1222929,0.160176322
Co-Cr,40,100,128.6,0.08,0.05,2.00E-05,1,1703,298,1603,8280,5.00E-03,1.85,3.77E-06,3.14E+05,-3.70E-04,4.80E-01,7.02E+02,4.10E+01,,154.6995948,4.01E-02,289,3.09,8.60E-04,1.28E-02,99.44836938,0.160176322
Co-Cr,40,100,155.3,0.08,0.05,2.00E-05,1,1703,298,1603,8280,5.00E-03,1.85,3.77E-06,3.14E+05,-3.70E-04,4.80E-01,7.02E+02,4.10E+01,,128.1028196,2.95E+00,241,3.1,9.98E-03,9.98E-03,90.49663336,0.160176322
Co-Cr,40,100,174.3,0.08,0.05,2.00E-05,1,1703,298,1603,8280,5.00E-03,1.85,3.77E-06,3.14E+05,-3.70E-04,4.80E-01,7.02E+02,4.10E+01,,114.1386568,4.32E-01,206,3.23,8.89E-03,8.89E-03,85.42194529,0.160176322
Co-Cr,40,150,47.6,0.08,0.05,2.00E-05,0,1703,298,1603,8280,5.00E-03,1.85,3.77E-06,3.14E+05,-3.70E-04,4.80E-01,7.02E+02,4.10E+01,,626.9233578,8.13E-04,1530,4.09,8.59E-02,8.59E-02,245.1917953,0.160176322
Co-Cr,40,150,65.6,0.08,0.05,2.00E-05,0,1703,298,1603,8280,5.00E-03,1.85,3.77E-06,3.14E+05,-3.70E-04,4.80E-01,7.02E+02,4.10E+01,,454.9017047,9.37E-04,1310,3.61,5.12E-02,5.12E-02,208.861066,0.160176322
Co-Cr,40,150,83.6,0.08,0.05,2.00E-05,0,1703,298,1603,8280,5.00E-03,1.85,3.77E-06,3.14E+05,-3.70E-04,4.80E-01,7.02E+02,4.10E+01,,356.9563616,1.17E-03,968,3.4,3.37E-02,3.37E-02,185.014715,0.160176322
Co-Cr,40,150,101.6,0.08,0.05,2.00E-05,0,1703,298,1603,8280,5.00E-03,1.85,3.77E-06,3.14E+05,-3.70E-04,4.80E-01,7.02E+02,4.10E+01,,293.7160613,1.38E-03,868,3.49,2.51E-02,2.51E-02,167.82728,0.160176322
Co-Cr,40,150,119.6,0.08,0.05,2.00E-05,0,1703,298,1603,8280,5.00E-03,1.85,3.77E-06,3.14E+05,-3.70E-04,4.80E-01,7.02E+02,4.10E+01,,249.5113029,1.72E-03,778,3.6,2.05E-02,2.05E-02,154.6834394,0.160176322
Co-Cr,40,150,128.6,0.08,0.05,2.00E-05,1,1703,298,1603,8280,5.00E-03,1.85,3.77E-06,3.14E+05,-3.70E-04,4.80E-01,7.02E+02,4.10E+01,,232.0493921,2.01E-03,755,3.6,1.91E-02,1.91E-02,149.1725541,0.160176322
Co-Cr,40,150,155.3,0.08,0.05,2.00E-05,1,1703,298,1603,8280,5.00E-03,1.85,3.77E-06,3.14E+05,-3.70E-04,4.80E-01,7.02E+02,4.10E+01,,192.1542294,2.73E-03,659,3.6,1.46E-02,1.46E-02,135.74495,0.160176322
Co-Cr,40,150,174.3,0.08,0.05,2.00E-05,1,1703,298,1603,8280,5.00E-03,1.85,3.77E-06,3.14E+05,-3.70E-04,4.80E-01,7.02E+02,4.10E+01,,171.2079853,3.65E-03,614,3.76,1.25E-02,1.25E-02,128.1329179,0.160176322
Co-Cr,40,150,191.6,0.08,0.05,2.00E-05,1,1703,298,1603,8280,5.00E-03,1.85,3.77E-06,3.14E+05,-3.70E-04,4.80E-01,7.02E+02,4.10E+01,,155.7492267,4.97E-03,588,3.76,1.14E-02,1.14E-02,122.2113826,0.160176322
Co-Cr,40,150,208.9,0.08,0.05,2.00E-05,1,1703,298,1603,8280,5.00E-03,1.85,3.77E-06,3.14E+05,-3.70E-04,4.80E-01,7.02E+02,4.10E+01,,142.8508944,6.74E-03,532,3.91,1.09E-02,1.09E-02,117.0415838,0.160176322
Co-Cr,40,200,65.6,0.08,0.05,2.00E-05,0,1703,298,1603,8280,5.00E-03,1.85,3.77E-06,3.14E+05,-3.70E-04,4.80E-01,7.02E+02,4.10E+01,,606.5356063,6.27E-04,3540,5.68,1.13E-01,1.13E-01,278.4814213,0.160176322
Co-Cr,40,200,83.6,0.08,0.05,2.00E-05,0,1703,298,1603,8280,5.00E-03,1.85,3.77E-06,3.14E+05,-3.70E-04,4.80E-01,7.02E+02,4.10E+01,,475.9418155,6.84E-04,1880,4.45,5.32E-02,5.32E-02,246.6862867,0.160176322
Co-Cr,40,200,101.6,0.08,0.05,2.00E-05,0,1703,298,1603,8280,5.00E-03,1.85,3.77E-06,3.14E+05,-3.70E-04,4.80E-01,7.02E+02,4.10E+01,,391.6214151,7.26E-04,1590,4.14,3.58E-02,3.58E-02,223.7697066,0.160176322
Co-Cr,40,200,119.6,0.08,0.05,2.00E-05,0,1703,298,1603,8280,5.00E-03,1.85,3.77E-06,3.14E+05,-3.70E-04,4.80E-01,7.02E+02,4.10E+01,,332.6817372,7.91E-04,1270,4.19,2.73E-02,2.73E-02,206.2445859,0.160176322
Co-Cr,40,200,128.6,0.08,0.05,2.00E-05,0,1703,298,1603,8280,5.00E-03,1.85,3.77E-06,3.14E+05,-3.70E-04,4.80E-01,7.02E+02,4.10E+01,,309.3991895,8.03E-04,1190,4.23,2.40E-02,2.40E-02,198.8967388,0.160176322
Co-Cr,40,200,155.3,0.08,0.05,2.00E-05,0,1703,298,1603,8280,5.00E-03,1.85,3.77E-06,3.14E+05,-3.70E-04,4.80E-01,7.02E+02,4.10E+01,,256.2056392,1.00E-03,1120,4.41,1.93E-02,1.93E-02,180.9932667,0.160176322
Co-Cr,40,200,174.3,0.08,0.05,2.00E-05,0,1703,298,1603,8280,5.00E-03,1.85,3.77E-06,3.14E+05,-3.70E-04,4.80E-01,7.02E+02,4.10E+01,,228.2773137,1.25E-03,1020,4.41,1.72E-02,1.72E-02,170.8438906,0.160176322
Co-Cr,40,200,191.6,0.08,0.05,2.00E-05,0,1703,298,1603,8280,5.00E-03,1.85,3.77E-06,3.14E+05,-3.70E-04,4.80E-01,7.02E+02,4.10E+01,,207.6656356,1.46E-03,986,4.28,1.52E-02,1.52E-02,162.9485102,0.160176322
Co-Cr,40,200,208.9,0.08,0.05,2.00E-05,0,1703,298,1603,8280,5.00E-03,1.85,3.77E-06,3.14E+05,-3.70E-04,4.80E-01,7.02E+02,4.10E+01,,190.4678591,1.64E-03,949,4.62,1.39E-02,1.39E-02,156.055445,0.160176322
Co-Cr,40,200,226.2,0.08,0.05,2.00E-05,1,1703,298,1603,8280,5.00E-03,1.85,3.77E-06,3.14E+05,-3.70E-04,4.80E-01,7.02E+02,4.10E+01,,175.9006887,1.97E-03,875,4.48,1.25E-02,1.25E-02,149.9691211,0.160176322
Co-Cr,40,200,243.5,0.08,0.05,2.00E-05,1,1703,298,1603,8280,5.00E-03,1.85,3.77E-06,3.14E+05,-3.70E-04,4.80E-01,7.02E+02,4.10E+01,,163.4034323,2.35E-03,853,4.48,1.16E-02,1.16E-02,144.5435323,0.160176322
Ti6AI4V,30,50,500,0.1,0.03,3.49E-05,0,1928,298,1878,4430,4.00E-03,1.52,3.14E-06,3.14E+05,-3.70E-04,4.00E-01,5.25E+02,2.87E+01,,12.73239545,1.53E-03,21.4,3.93,2.20E-03,2.20E-03,30.79564815,0.28755877
Ti6AI4V,30,50,750,0.1,0.03,3.49E-05,1,1928,298,1878,4430,4.00E-03,1.52,3.14E-06,3.14E+05,-3.70E-04,4.00E-01,5.25E+02,2.87E+01,,8.488263632,3.31E-04,7.44,4.21,1.07E-03,1.07E-03,25.14454142,0.28755877
Ti6AI4V,30,50,1000,0.1,0.03,3.49E-05,1,1928,298,1878,4430,4.00E-03,1.52,3.14E-06,3.14E+05,-3.70E-04,4.00E-01,5.25E+02,2.87E+01,,6.366197724,9.81E-05,1,5,5.00E-04,5.00E-04,21.77581164,0.28755877
Ti6AI4V,30,50,1200,0.1,0.03,3.49E-05,1,1928,298,1878,4430,4.00E-03,1.52,3.14E-06,3.14E+05,-3.70E-04,4.00E-01,5.25E+02,2.87E+01,,5.30516477,6.81E-06,1,10,8.33E-05,8.33E-05,19.8785054,0.28755877
Ti6AI4V,30,100,500,0.1,0.03,3.49E-05,0,1928,298,1878,4430,4.00E-03,1.52,3.14E-06,3.14E+05,-3.70E-04,4.00E-01,5.25E+02,2.87E+01,,25.46479089,6.12E-04,211,5.1,5.00E-03,5.00E-03,61.5912963,0.28755877
Ti6AI4V,30,100,750,0.1,0.03,3.49E-05,0,1928,298,1878,4430,4.00E-03,1.52,3.14E-06,3.14E+05,-3.70E-04,4.00E-01,5.25E+02,2.87E+01,,16.97652726,3.87E-03,143,6,3.20E-03,3.20E-03,50.28908285,0.28755877
Ti6AI4V,30,100,1000,0.1,0.03,3.49E-05,1,1928,298,1878,4430,4.00E-03,1.52,3.14E-06,3.14E+05,-3.70E-04,4.00E-01,5.25E+02,2.87E+01,,12.73239545,7.37E-03,95.9,6.47,2.20E-03,2.20E-03,43.55162328,0.28755877
Ti6AI4V,30,100,1200,0.1,0.03,3.49E-05,1,1928,298,1878,4430,4.00E-03,1.52,3.14E-06,3.14E+05,-3.70E-04,4.00E-01,5.25E+02,2.87E+01,,10.61032954,9.80E-04,67,6.88,1.83E-03,1.83E-03,39.75701081,0.28755877
Ti6AI4V,30,150,750,0.1,0.03,3.49E-05,0,1928,298,1878,4430,4.00E-03,1.52,3.14E-06,3.14E+05,-3.70E-04,4.00E-01,5.25E+02,2.87E+01,,25.46479089,6.10E-04,356,6.55,4.80E-03,4.80E-03,75.43362427,0.28755877
Ti6AI4V,30,150,1000,0.1,0.03,3.49E-05,0,1928,298,1878,4430,4.00E-03,1.52,3.14E-06,3.14E+05,-3.70E-04,4.00E-01,5.25E+02,2.87E+01,,19.09859317,2.55E-03,266,7.83,3.60E-03,3.60E-03,65.32743492,0.28755877
Ti6AI4V,30,195,1000,0.1,0.03,3.49E-05,0,1928,298,1878,4430,4.00E-03,1.52,3.14E-06,3.14E+05,-3.70E-04,4.00E-01,5.25E+02,2.87E+01,,24.82817112,7.53E-04,441,7.69,4.23E-03,4.23E-03,84.92566539,0.28755877
Ti6AI4V,30,195,1200,0.1,0.03,3.49E-05,0,1928,298,1878,4430,4.00E-03,1.52,3.14E-06,3.14E+05,-3.70E-04,4.00E-01,5.25E+02,2.87E+01,,20.6901426,2.70E-03,399,8.13,3.53E-03,3.53E-03,77.52617108,0.28755877
Inconel 718,30,120,400,0.1,0.03,2.00E-05,1,1609,298,1533,8100,5.00E-03,1.82,2.90E-06,2.09E+05,-3.70E-04,3.40E-01,3.92E+02,2.91E+01,,38.19718634,4.05E-04,393,5.66,7.50E-03,7.50E-03,60.05406606,0.212856535
Inconel 718,30,120,600,0.1,0.03,2.00E-05,1,1609,298,1533,8100,5.00E-03,1.82,2.90E-06,2.09E+05,-3.70E-04,3.40E-01,3.92E+02,2.91E+01,,25.46479089,3.10E-03,268,6.38,5.00E-03,5.00E-03,49.03393961,0.212856535
Inconel 718,30,120,800,0.1,0.03,2.00E-05,1,1609,298,1533,8100,5.00E-03,1.82,2.90E-06,2.09E+05,-3.70E-04,3.40E-01,3.92E+02,2.91E+01,,19.09859317,1.51E-02,181,7.32,1.29E-03,3.75E-03,42.46463735,0.212856535
Inconel 718,30,120,1000,0.1,0.03,2.00E-05,1,1609,298,1533,8100,5.00E-03,1.82,2.90E-06,2.09E+05,-3.70E-04,3.40E-01,3.92E+02,2.91E+01,,15.27887454,1.63E-03,146,7.69,1.29E-03,3.00E-03,37.9815263,0.212856535
Inconel 718,30,120,1200,0.1,0.03,2.00E-05,1,1609,298,1533,8100,5.00E-03,1.82,2.90E-06,2.09E+05,-3.70E-04,3.40E-01,3.92E+02,2.91E+01,,12.73239545,2.35E-03,93.4,8.06,1.23E-03,2.42E-03,34.67223121,0.212856535
Inconel 718,30,120,1400,0.1,0.03,2.00E-05,1,1609,298,1533,8100,5.00E-03,1.82,2.90E-06,2.09E+05,-3.70E-04,3.40E-01,3.92E+02,2.91E+01,,10.91348181,4.01E-04,73.4,8.48,1.19E-03,2.00E-03,32.10024856,0.212856535
Inconel 718,30,170,400,0.1,0.03,2.00E-05,0,1609,298,1533,8100,5.00E-03,1.82,2.90E-06,2.09E+05,-3.70E-04,3.40E-01,3.92E+02,2.91E+01,,54.11268065,2.05E-04,870,6.72,1.92E-03,1.08E-02,85.07659359,0.212856535
Inconel 718,30,170,600,0.1,0.03,2.00E-05,0,1609,298,1533,8100,5.00E-03,1.82,2.90E-06,2.09E+05,-3.70E-04,3.40E-01,3.92E+02,2.91E+01,,36.07512043,2.04E-04,654,7.5,1.86E-03,7.00E-03,69.46474778,0.212856535
Inconel 718,30,170,800,0.1,0.03,2.00E-05,1,1609,298,1533,8100,5.00E-03,1.82,2.90E-06,2.09E+05,-3.70E-04,3.40E-01,3.92E+02,2.91E+01,,27.05634033,3.39E-04,493,8.4,1.83E-03,5.25E-03,60.15823625,0.212856535
Inconel 718,30,170,1000,0.1,0.03,2.00E-05,1,1609,298,1533,8100,5.00E-03,1.82,2.90E-06,2.09E+05,-3.70E-04,3.40E-01,3.92E+02,2.91E+01,,21.64507226,9.30E-04,323,9.32,1.74E-03,4.10E-03,53.80716226,0.212856535
Inconel 718,30,170,1200,0.1,0.03,2.00E-05,1,1609,298,1533,8100,5.00E-03,1.82,2.90E-06,2.09E+05,-3.70E-04,3.40E-01,3.92E+02,2.91E+01,,18.03756022,1.51E-02,270,10,1.74E-03,3.42E-03,49.11899421,0.212856535
Inconel 718,30,170,1400,0.1,0.03,2.00E-05,1,1609,298,1533,8100,5.00E-03,1.82,2.90E-06,2.09E+05,-3.70E-04,3.40E-01,3.92E+02,2.91E+01,,15.4607659,2.62E-03,195,10,1.68E-03,2.86E-03,45.47535212,0.212856535
Inconel 718,30,220,600,0.1,0.03,2.00E-05,0,1609,298,1533,8100,5.00E-03,1.82,2.90E-06,2.09E+05,-3.70E-04,3.40E-01,3.92E+02,2.91E+01,,46.68544997,8.78E-04,998,8.05,2.15E-03,8.18E-03,89.89555595,0.212856535
Inconel 718,30,220,800,0.1,0.03,2.00E-05,0,1609,298,1533,8100,5.00E-03,1.82,2.90E-06,2.09E+05,-3.70E-04,3.40E-01,3.92E+02,2.91E+01,,35.01408748,3.09E-04,780,8.59,2.09E-03,6.01E-03,77.85183514,0.212856535
Inconel 718,30,220,1000,0.1,0.03,2.00E-05,1,1609,298,1533,8100,5.00E-03,1.82,2.90E-06,2.09E+05,-3.70E-04,3.40E-01,3.92E+02,2.91E+01,,28.01126998,7.91E-04,609,9.62,2.06E-03,4.81E-03,69.63279822,0.212856535
Inconel 718,30,220,1200,0.1,0.03,2.00E-05,1,1609,298,1533,8100,5.00E-03,1.82,2.90E-06,2.09E+05,-3.70E-04,3.40E-01,3.92E+02,2.91E+01,,23.34272499,3.23E-03,465,10.02,2.00E-03,3.93E-03,63.56575721,0.212856535
Inconel 718,30,220,1400,0.1,0.03,2.00E-05,1,1609,298,1533,8100,5.00E-03,1.82,2.90E-06,2.09E+05,-3.70E-04,3.40E-01,3.92E+02,2.91E+01,,20.00804999,2.06E-02,414,12.48,2.30E-03,3.92E-03,58.85045569,0.212856535
Inconel 718,30,270,1000,0.1,0.03,2.00E-05,0,1609,298,1533,8100,5.00E-03,1.82,2.90E-06,2.09E+05,-3.70E-04,3.40E-01,3.92E+02,2.91E+01,,34.37746771,3.16E-04,885,11.57,2.73E-03,6.48E-03,85.45843418,0.212856535
Inconel 718,30,270,1200,0.1,0.03,2.00E-05,1,1609,298,1533,8100,5.00E-03,1.82,2.90E-06,2.09E+05,-3.70E-04,3.40E-01,3.92E+02,2.91E+01,,28.64788976,8.57E-04,709,12.23,2.71E-03,5.40E-03,78.01252022,0.212856535
Inconel 718,30,270,1400,0.1,0.03,2.00E-05,1,1609,298,1533,8100,5.00E-03,1.82,2.90E-06,2.09E+05,-3.70E-04,3.40E-01,3.92E+02,2.91E+01,,24.55533408,3.59E-03,637,12.76,2.67E-03,4.56E-03,72.22555925,0.212856535
